ID,Label
1,Avatar
2,Pirates of the Caribbean: At World's End
3,Spectre
4,The Dark Knight Rises
5,John Carter
6,Spider-Man 3
7,Tangled
8,Avengers: Age of Ultron
9,Harry Potter and the Half-Blood Prince
10,Batman v Superman: Dawn of Justice
11,Superman Returns
12,Quantum of Solace
13,Pirates of the Caribbean: Dead Man's Chest
14,The Lone Ranger
15,Man of Steel
16,The Chronicles of Narnia: Prince Caspian
17,The Avengers
18,Pirates of the Caribbean: On Stranger Tides
19,Men in Black 3
20,The Hobbit: The Battle of the Five Armies
21,The Amazing Spider-Man
22,Robin Hood
23,The Hobbit: The Desolation of Smaug
24,The Golden Compass
25,King Kong
26,Titanic
27,Captain America: Civil War
28,Battleship
29,Jurassic World
30,Skyfall
31,Spider-Man 2
32,Iron Man 3
33,Alice in Wonderland
34,X-Men: The Last Stand
35,Monsters University
36,Transformers: Revenge of the Fallen
37,Transformers: Age of Extinction
38,Oz: The Great and Powerful
39,The Amazing Spider-Man 2
40,TRON: Legacy
41,Cars 2
42,Green Lantern
43,Toy Story 3
44,Terminator Salvation
45,Furious 7
46,World War Z
47,X-Men: Days of Future Past
48,Star Trek Into Darkness
49,Jack the Giant Slayer
50,The Great Gatsby
51,Prince of Persia: The Sands of Time
52,Pacific Rim
53,Transformers: Dark of the Moon
54,Indiana Jones and the Kingdom of the Crystal Skull
55,The Good Dinosaur
56,Brave
57,Star Trek Beyond
58,WALL·E
59,Rush Hour 3
602,012
61,A Christmas Carol
62,Jupiter Ascending
63,The Legend of Tarzan
64,"The Chronicles of Narnia: The Lion, the Witch and the Wardrobe"
65,X-Men: Apocalypse
66,The Dark Knight
67,Up
68,Monsters vs Aliens
69,Iron Man
70,Hugo
71,Wild Wild West
72,The Mummy: Tomb of the Dragon Emperor
73,Suicide Squad
74,Evan Almighty
75,Edge of Tomorrow
76,Waterworld
77,G.I. Joe: The Rise of Cobra
78,Inside Out
79,The Jungle Book
80,Iron Man 2
81,Snow White and the Huntsman
82,Maleficent
83,Dawn of the Planet of the Apes
84,The Lovers
85,47 Ronin
86,Captain America: The Winter Soldier
87,Shrek Forever After
88,Tomorrowland
89,Big Hero 6
90,Wreck-It Ralph
91,The Polar Express
92,Independence Day: Resurgence
93,How to Train Your Dragon
94,Terminator 3: Rise of the Machines
95,Guardians of the Galaxy
96,Interstellar
97,Inception
98,Shin Godzilla
99,The Hobbit: An Unexpected Journey
100,The Fast and the Furious
101,The Curious Case of Benjamin Button
102,X-Men: First Class
103,The Hunger Games: Mockingjay - Part 2
104,The Sorcerer's Apprentice
105,Poseidon
106,Alice Through the Looking Glass
107,Shrek the Third
108,Warcraft
109,Terminator Genisys
110,The Chronicles of Narnia: The Voyage of the Dawn Treader
111,Pearl Harbor
112,Transformers
113,Alexander
114,Harry Potter and the Order of the Phoenix
115,Harry Potter and the Goblet of Fire
116,Hancock
117,I Am Legend
118,Charlie and the Chocolate Factory
119,Ratatouille
120,Batman Begins
121,Madagascar: Escape 2 Africa
122,Night at the Museum: Battle of the Smithsonian
123,X-Men Origins: Wolverine
124,The Matrix Revolutions
125,Frozen
126,The Matrix Reloaded
127,Thor: The Dark World
128,Mad Max: Fury Road
129,Angels & Demons
130,Thor
131,Bolt
132,G-Force
133,Wrath of the Titans
134,Dark Shadows
135,Mission: Impossible - Rogue Nation
136,The Wolfman
137,Bee Movie
138,Kung Fu Panda 2
139,The Last Airbender
140,Mission: Impossible III
141,White House Down
142,Mars Needs Moms
143,Flushed Away
144,Pan
145,Mr. Peabody & Sherman
146,Troy
147,Madagascar 3: Europe's Most Wanted
148,Die Another Day
149,Ghostbusters
150,Armageddon
151,Men in Black II
152,Beowulf
153,Kung Fu Panda 3
154,Mission: Impossible - Ghost Protocol
155,Rise of the Guardians
156,Fun with Dick and Jane
157,The Last Samurai
158,Exodus: Gods and Kings
159,Star Trek
160,Spider-Man
161,How to Train Your Dragon 2
162,Gods of Egypt
163,Stealth
164,Watchmen
165,Lethal Weapon 4
166,Hulk
167,G.I. Joe: Retaliation
168,Sahara
169,Final Fantasy: The Spirits Within
170,Captain America: The First Avenger
171,The World Is Not Enough
172,Master and Commander: The Far Side of the World
173,The Twilight Saga: Breaking Dawn - Part 2
174,Happy Feet Two
175,The Incredible Hulk
176,The BFG
177,The Revenant
178,Turbo
179,Rango
180,Penguins of Madagascar
181,The Bourne Ultimatum
182,Kung Fu Panda
183,Ant-Man
184,The Hunger Games: Catching Fire
185,Home
186,War of the Worlds
187,Bad Boys II
188,Puss in Boots
189,Salt
190,Noah
191,The Adventures of Tintin
192,Harry Potter and the Prisoner of Azkaban
193,Australia
194,After Earth
195,Dinosaur
196,Night at the Museum: Secret of the Tomb
197,Megamind
198,Harry Potter and the Philosopher's Stone
199,R.I.P.D.
200,Pirates of the Caribbean: The Curse of the Black Pearl
201,The Hunger Games: Mockingjay - Part 1
202,The Da Vinci Code
203,Rio 2
204,X2
205,Fast Five
206,Sherlock Holmes: A Game of Shadows
207,Clash of the Titans
208,Total Recall
209,The 13th Warrior
210,The Bourne Legacy
211,Batman & Robin
212,How the Grinch Stole Christmas
213,The Day After Tomorrow
214,Mission: Impossible II
215,The Perfect Storm
216,Fantastic 4: Rise of the Silver Surfer
217,Life of Pi
218,Ghost Rider
219,Jason Bourne
220,Charlie's Angels: Full Throttle
221,Prometheus
222,Stuart Little 2
223,Elysium
224,The Chronicles of Riddick
225,RoboCop
226,Speed Racer
227,How Do You Know
228,Knight and Day
229,Oblivion
230,Star Wars: Episode III - Revenge of the Sith
231,Star Wars: Episode II - Attack of the Clones
232,"Monsters, Inc."
233,The Wolverine
234,Star Wars: Episode I - The Phantom Menace
235,The Croods
236,Asterix at the Olympic Games
237,Windtalkers
238,The Huntsman: Winter's War
239,Teenage Mutant Ninja Turtles
240,Gravity
241,Dante's Peak
242,Teenage Mutant Ninja Turtles: Out of the Shadows
243,Fantastic Four
244,Night at the Museum
245,San Andreas
246,Tomorrow Never Dies
247,The Patriot
248,Ocean's Twelve
249,Mr. & Mrs. Smith
250,Insurgent
251,The Aviator
252,Gulliver's Travels
253,The Green Hornet
254,300: Rise of an Empire
255,The Smurfs
256,Home on the Range
257,Allegiant
258,Real Steel
259,The Smurfs 2
260,Speed 2: Cruise Control
261,Ender's Game
262,Live Free or Die Hard
263,The Lord of the Rings: The Fellowship of the Ring
264,Around the World in 80 Days
265,Ali
266,The Cat in the Hat
267,"I, Robot"
268,Kingdom of Heaven
269,Stuart Little
270,The Princess and the Frog
271,The Martian
272,The Island
273,Town & Country
274,Gone in Sixty Seconds
275,Gladiator
276,Minority Report
277,Harry Potter and the Chamber of Secrets
278,Casino Royale
279,Planet of the Apes
280,Terminator 2: Judgment Day
281,Public Enemies
282,American Gangster
283,True Lies
284,The Taking of Pelham 1 2 3
285,Little Fockers
286,The Other Guys
287,Eraser
288,Django Unchained
289,The Hunchback of Notre Dame
290,The Emperor's New Groove
291,The Expendables 2
292,National Treasure
293,Eragon
294,Where the Wild Things Are
295,Epic
296,The Tourist
297,End of Days
298,Blood Diamond
299,The Wolf of Wall Street
300,Batman Forever
301,Starship Troopers
302,Cloud Atlas
303,Legend of the Guardians: The Owls of Ga'Hoole
304,Catwoman
305,Hercules
306,Treasure Planet
307,Land of the Lost
308,The Expendables 3
309,Point Break
310,Son of the Mask
311,In the Heart of the Sea
312,The Adventures of Pluto Nash
313,Green Zone
314,The Peanuts Movie
315,The Spanish Prisoner
316,The Mummy Returns
317,Gangs of New York
318,The Flowers of War
319,Surf's Up
320,The Stepford Wives
321,Black Hawk Down
322,The Campaign
323,The Fifth Element
324,Sex and the City 2
325,The Road to El Dorado
326,Ice Age: Continental Drift
327,Cinderella
328,The Lovely Bones
329,Finding Nemo
330,The Lord of the Rings: The Return of the King
331,The Lord of the Rings: The Two Towers
332,Seventh Son
333,Lara Croft: Tomb Raider
334,Transcendence
335,Jurassic Park III
336,Rise of the Planet of the Apes
337,The Spiderwick Chronicles
338,A Good Day to Die Hard
339,The Alamo
340,The Incredibles
341,Cutthroat Island
342,Percy Jackson & the Olympians: The Lightning Thief
343,Men in Black
344,Toy Story 2
345,Unstoppable
346,Rush Hour 2
347,What Lies Beneath
348,Cloudy with a Chance of Meatballs
349,Ice Age: Dawn of the Dinosaurs
350,The Secret Life of Walter Mitty
351,Charlie's Angels
352,The Departed
353,Mulan
354,Tropic Thunder
355,The Girl with the Dragon Tattoo
356,Die Hard: With a Vengeance
357,Sherlock Holmes
358,Ben-Hur
359,Atlantis: The Lost Empire
360,Alvin and the Chipmunks: The Road Chip
361,Valkyrie
362,You Don't Mess with the Zohan
363,Pixels
364,A.I. Artificial Intelligence
365,The Haunted Mansion
366,Contact
367,Hollow Man
368,The Interpreter
369,Percy Jackson: Sea of Monsters
370,Lara Croft Tomb Raider: The Cradle of Life
371,Now You See Me 2
372,The Saint
373,Spy Game
374,Mission to Mars
375,Rio
376,Bicentennial Man
377,Volcano
378,The Devil's Own
379,K-19: The Widowmaker
380,Conan the Barbarian
381,Cinderella Man
382,The Nutcracker: The Untold Story
383,Seabiscuit
384,Twister
385,Cast Away
386,Happy Feet
387,The Bourne Supremacy
388,Air Force One
389,Ocean's Eleven
390,The Three Musketeers
391,Hotel Transylvania
392,Enchanted
393,Safe House
394,102 Dalmatians
395,Tower Heist
396,The Holiday
397,Enemy of the State
398,It's Complicated
399,Ocean's Thirteen
400,Open Season
401,Divergent
402,Enemy at the Gates
403,The Rundown
404,Last Action Hero
405,Memoirs of a Geisha
406,The Fast and the Furious: Tokyo Drift
407,Arthur Christmas
408,Meet Joe Black
409,Collateral Damage
410,All That Jazz
411,Mirror Mirror
412,Scott Pilgrim vs. the World
413,The Core
414,Nutty Professor II: The Klumps
415,Scooby-Doo
416,Dredd
417,Click
418,Creepshow
419,Cats & Dogs 2 : The Revenge of Kitty Galore
420,Jumper
421,Hellboy II: The Golden Army
422,Zodiac
423,The 6th Day
424,Bruce Almighty
425,The Expendables
426,Mission: Impossible
427,The Hunger Games
428,The Hangover Part II
429,Batman Returns
430,Over the Hedge
431,Lilo & Stitch
432,Charlotte's Web
433,Deep Impact
434,RED 2
435,The Longest Yard
436,Alvin and the Chipmunks: Chipwrecked
437,Grown Ups 2
438,Get Smart
439,Something's Gotta Give
440,Shutter Island
441,Four Christmases
442,Robots
443,Face/Off
444,Bedtime Stories
445,Road to Perdition
446,Just Go with It
447,Con Air
448,Eagle Eye
449,Cold Mountain
450,The Book of Eli
451,Flubber
452,The Haunting
453,Space Jam
454,The Pink Panther
455,The Day the Earth Stood Still
456,Conspiracy Theory
457,Fury
458,Six Days Seven Nights
459,Yogi Bear
460,Spirit: Stallion of the Cimarron
461,Zookeeper
462,Lost in Space
463,The Manchurian Candidate
464,Déjà Vu
465,Hotel Transylvania 2
466,Fantasia 2000
467,The Time Machine
468,Mighty Joe Young
469,Swordfish
470,The Legend of Zorro
471,What Dreams May Come
472,Little Nicky
473,The Brothers Grimm
474,Mars Attacks!
475,Evolution
476,The Edge
477,Surrogates
478,Thirteen Days
479,Daylight
480,Walking With Dinosaurs
481,Battlefield Earth
482,Looney Tunes: Back in Action
483,Nine
484,Timeline
485,The Postman
486,Babe: Pig in the City
487,The Last Witch Hunter
488,Red Planet
489,Arthur and the Invisibles
490,Oceans
491,A Sound of Thunder
492,Pompeii
493,Top Cat Begins
494,A Beautiful Mind
495,The Lion King
496,Journey 2: The Mysterious Island
497,Cloudy with a Chance of Meatballs 2
498,Red Dragon
499,Hidalgo
500,Jack and Jill
501,2 Fast 2 Furious
502,The Little Prince
503,The Invasion
504,The Adventures of Rocky & Bullwinkle
505,The Secret Life of Pets
506,The League of Extraordinary Gentlemen
507,Despicable Me 2
508,Independence Day
509,The Lost World: Jurassic Park
510,Madagascar
511,Children of Men
512,X-Men
513,Wanted
514,The Rock
515,Ice Age: The Meltdown
516,50 First Dates
517,Hairspray
518,Exorcist: The Beginning
519,Inspector Gadget
520,Now You See Me
521,Grown Ups
522,The Terminal
523,Hotel for Dogs
524,Vertical Limit
525,Charlie Wilson's War
526,Shark Tale
527,Dreamgirls
528,Be Cool
529,Munich
530,Tears of the Sun
531,Killers
532,The Man from U.N.C.L.E.
533,Spanglish
534,Monster House
535,Bandits
536,First Knight
537,Anna and the King
538,Immortals
539,Hostage
540,Titan A.E.
541,Hollywood Homicide
542,Soldier
543,Carriers
544,Monkeybone
545,Flight of the Phoenix
546,Unbreakable
547,Minions
548,Sucker Punch
549,Snake Eyes
550,Sphere
551,The Angry Birds Movie
552,Fool's Gold
553,Funny People
554,The Kingdom
555,Talladega Nights: The Ballad of Ricky Bobby
556,Dr. Dolittle 2
557,Braveheart
558,Jarhead
559,The Simpsons Movie
560,The Majestic
561,Driven
562,Two Brothers
563,The Village
564,Doctor Dolittle
565,Signs
566,Shrek 2
567,Cars
568,Runaway Bride
569,xXx
570,The SpongeBob Movie: Sponge Out of Water
571,Ransom
572,Inglourious Basterds
573,Hook
574,Die Hard 2
575,S.W.A.T.
576,Vanilla Sky
577,Lady in the Water
578,AVP: Alien vs. Predator
579,Alvin and the Chipmunks: The Squeakquel
580,We Were Soldiers
581,Olympus Has Fallen
582,Star Trek: Insurrection
583,Battle: Los Angeles
584,Big Fish
585,Wolf
586,War Horse
587,The Monuments Men
588,The Abyss
589,Wall Street: Money Never Sleeps
590,Dracula Untold
591,The Siege
592,Stardust
593,Seven Years in Tibet
594,The Dilemma
595,Bad Company
596,Doom
597,I Spy
598,Underworld: Awakening
599,Rock of Ages
600,Hart's War
601,Killer Elite
602,Rollerball
603,Ballistic: Ecks vs. Sever
604,Hard Rain
605,Osmosis Jones
606,Legends of Oz: Dorothy's Return
607,Blackhat
608,Sky Captain and the World of Tomorrow
609,Basic Instinct 2
610,Escape Plan
611,The Legend of Hercules
612,The Sum of All Fears
613,The Twilight Saga: Eclipse
614,The Score
615,Despicable Me
616,Money Train
617,Ted 2
618,Agora
619,Mystery Men
620,Hall Pass
621,The Insider
622,The Finest Hours
623,Body of Lies
624,Dinner for Schmucks
625,Abraham Lincoln: Vampire Hunter
626,Entrapment
627,The X Files
628,The Last Legion
629,Saving Private Ryan
630,Need for Speed
631,What Women Want
632,Ice Age
633,Dreamcatcher
634,Lincoln
635,The Matrix
636,Apollo 13
637,The Santa Clause 2
638,Les Misérables
639,You've Got Mail
640,Step Brothers
641,The Mask of Zorro
642,Due Date
643,Unbroken
644,Space Cowboys
645,Cliffhanger
646,Broken Arrow
647,The Kid
648,World Trade Center
649,Mona Lisa Smile
650,The Dictator
651,Eyes Wide Shut
652,Annie
653,Focus
654,This Means War
655,Blade: Trinity
656,Red Dawn
657,Primary Colors
658,Resident Evil: Retribution
659,Death Race
660,The Long Kiss Goodnight
661,Proof of Life
662,Zathura: A Space Adventure
663,Fight Club
664,We Are Marshall
665,Hudson Hawk
666,Lucky Numbers
667,"I, Frankenstein"
668,Oliver Twist
669,Elektra
670,Sin City: A Dame to Kill For
671,Random Hearts
672,Everest
673,Perfume: The Story of a Murderer
674,Austin Powers in Goldmember
675,Astro Boy
676,Jurassic Park
677,Wyatt Earp
678,Clear and Present Danger
679,Dragon Blade
680,Little Man
681,U-571
682,The American President
683,The Love Guru
684,3000 Miles to Graceland
685,The Hateful Eight
686,Blades of Glory
687,Hop
688,300
689,Meet the Fockers
690,Marley & Me
691,The Green Mile
692,Wild Hogs
693,Chicken Little
694,Gone Girl
695,The Bourne Identity
696,GoldenEye
697,The General's Daughter
698,The Truman Show
699,The Prince of Egypt
700,Daddy Day Care
701,2 Guns
702,Cats & Dogs
703,The Italian Job
704,Two Weeks Notice
705,Antz
706,Couples Retreat
707,Days of Thunder
708,Cheaper by the Dozen 2
709,Maze Runner: The Scorch Trials
710,Eat Pray Love
711,The Family Man
712,RED
713,Any Given Sunday
714,The Horse Whisperer
715,Collateral
716,The Scorpion King
717,Ladder 49
718,Jack Reacher
719,Deep Blue Sea
720,This Is It
721,Contagion
722,Kangaroo Jack
723,Coraline
724,The Happening
725,Man on Fire
726,The Shaggy Dog
727,Starsky & Hutch
728,Jingle All the Way
729,Hellboy
730,A Civil Action
731,ParaNorman
732,The Jackal
733,Paycheck
734,Up Close & Personal
735,The Tale of Despereaux
736,The Tuxedo
737,Under Siege 2: Dark Territory
738,Jack Ryan: Shadow Recruit
739,Joy
740,London Has Fallen
741,Alien: Resurrection
742,Shooter
743,The Boxtrolls
744,Practical Magic
745,The Lego Movie
746,Miss Congeniality 2: Armed and Fabulous
747,Reign of Fire
748,Gangster Squad
749,Year One
750,Invictus
751,State of Play
752,Duplicity
753,My Favorite Martian
754,The Sentinel
755,Planet 51
756,Star Trek: Nemesis
757,Intolerable Cruelty
758,Trouble with the Curve
759,Edge of Darkness
760,The Relic
761,Analyze That
762,Righteous Kill
763,Mercury Rising
764,The Soloist
765,The Legend of Bagger Vance
766,Almost Famous
767,Garfield: A Tail of Two Kitties
768,xXx: State of the Union
769,Priest
770,Sinbad: Legend of the Seven Seas
771,Event Horizon
772,Dragonfly
773,The Black Dahlia
774,Flyboys
775,The Last Castle
776,Supernova
777,Winter's Tale
778,The Mortal Instruments: City of Bones
779,Meet Dave
780,Dark Water
781,Edtv
782,Inkheart
783,The Spirit
784,Mortdecai
785,In the Name of the King: A Dungeon Siege Tale
786,Beyond Borders
787,The Monkey King 2
788,The Great Raid
789,Deadpool
790,Holy Man
791,American Sniper
792,Goosebumps
793,Just Like Heaven
794,The Flintstones in Viva Rock Vegas
795,Rambo III
796,Leatherheads
797,The Ridiculous 6
798,Did You Hear About the Morgans?
799,The Internship
800,Resident Evil: Afterlife
801,Red Tails
802,The Devil's Advocate
803,That's My Boy
804,DragonHeart
805,After the Sunset
806,Ghost Rider: Spirit of Vengeance
807,Captain Corelli's Mandolin
808,The Pacifier
809,Walking Tall
810,Forrest Gump
811,Alvin and the Chipmunks
812,Meet the Parents
813,Pocahontas
814,Superman
815,The Nutty Professor
816,Hitch
817,George of the Jungle
818,American Wedding
819,Captain Phillips
820,Date Night
821,Casper
822,The Equalizer
823,Maid in Manhattan
824,Crimson Tide
825,The Pursuit of Happyness
826,Flightplan
827,Disclosure
828,City of Angels
829,Kill Bill: Vol. 1
830,Bowfinger
831,Kill Bill: Vol. 2
832,Tango & Cash
833,Death Becomes Her
834,Shanghai Noon
835,Executive Decision
836,Mr. Popper's Penguins
837,The Forbidden Kingdom
838,Free Birds
839,Alien³
840,Evita
841,Ronin
842,The Ghost and the Darkness
843,Paddington
844,The Watch
845,The Hunted
846,Instinct
847,Stuck on You
848,Semi-Pro
849,The Pirates! In an Adventure with Scientists!
850,Changeling
851,Chain Reaction
852,The Fan
853,The Phantom of the Opera
854,Elizabeth: The Golden Age
855,Æon Flux
856,Gods and Generals
857,Turbulence
858,Imagine That
859,Muppets Most Wanted
860,Thunderbirds
861,Burlesque
862,A Very Long Engagement
863,Lolita
864,D-Tox
865,Blade II
866,Seven Pounds
867,Bullet to the Head
868,The Godfather: Part III
869,Elizabethtown
870,"You, Me and Dupree"
871,Superman II
872,Gigli
873,All the King's Men
874,Shaft
875,Anastasia
876,Moulin Rouge!
877,Domestic Disturbance
878,Black Mass
879,Flags of Our Fathers
880,Law Abiding Citizen
881,Grindhouse
882,Beloved
883,Lucky You
884,Catch Me If You Can
885,Zero Dark Thirty
886,The Break-Up
887,Mamma Mia!
888,Valentine's Day
889,The Dukes of Hazzard
890,The Thin Red Line
891,The Change-Up
892,Man on the Moon
893,Casino
894,From Paris with Love
895,Bulletproof Monk
896,"Me, Myself & Irene"
897,Barnyard
898,Deck the Halls
899,The Twilight Saga: New Moon
900,Shrek
901,The Adjustment Bureau
902,Robin Hood: Prince of Thieves
903,Jerry Maguire
904,Ted
905,As Good as It Gets
906,Patch Adams
907,Anchorman 2: The Legend Continues
908,Mr. Deeds
909,Super 8
910,Erin Brockovich
911,How to Lose a Guy in 10 Days
912,22 Jump Street
913,Interview with the Vampire
914,Yes Man
915,Central Intelligence
916,Stepmom
917,Daddy's Home
918,Into the Woods
919,Inside Man
920,Payback
921,Congo
922,We Bought a Zoo
923,Knowing
924,Failure to Launch
925,The Ring Two
926,"Crazy, Stupid, Love."
927,Garfield
928,Christmas with the Kranks
929,Moneyball
930,Outbreak
931,Non-Stop
932,Race to Witch Mountain
933,V for Vendetta
934,Shanghai Knights
935,Curious George
936,Herbie Fully Loaded
937,Don't Say a Word
938,Hansel & Gretel: Witch Hunters
939,Unfaithful
940,I Am Number Four
941,Syriana
942,13 Hours: The Secret Soldiers of Benghazi
943,The Book of Life
944,Firewall
945,Absolute Power
946,G.I. Jane
947,The Game
948,Silent Hill
949,The Replacements
950,American Reunion
951,The Negotiator
952,Into the Storm
953,Beverly Hills Cop III
954,Gremlins 2: The New Batch
955,The Judge
956,The Peacemaker
957,Resident Evil: Apocalypse
958,Bridget Jones: The Edge of Reason
959,Out of Time
960,On Deadly Ground
961,The Adventures of Sharkboy and Lavagirl
962,The Beach
963,Raising Helen
964,Ninja Assassin
965,For Love of the Game
966,Striptease
967,Marmaduke
968,Hereafter
969,Murder by Numbers
970,Assassins
971,Hannibal Rising
972,The Story of Us
973,The Host
974,Basic
975,Blood Work
976,The International
977,Escape from L.A.
978,The Iron Giant
979,The Life Aquatic with Steve Zissou
980,Free State of Jones
981,The Life of David Gale
982,Man of the House
983,Run All Night
984,Eastern Promises
985,Into the Blue
986,The Messenger: The Story of Joan of Arc
987,Your Highness
988,Dream House
989,Mad City
990,Baby's Day Out
991,The Scarlet Letter
992,Fair Game
993,Domino
994,Jade
995,Gamer
996,Beautiful Creatures
997,Death to Smoochy
998,Zoolander 2
999,The Big Bounce
1000,What Planet Are You From?
1001,Drive Angry
1002,Street Fighter: The Legend of Chun-Li
1003,The One
1004,The Adventures of Ford Fairlane
1005,The Boat That Rocked
1006,Traffic
1007,Indiana Jones and the Last Crusade
1008,Anna Karenina
1009,Chappie
1010,The Bone Collector
1011,Panic Room
1012,The Tooth Fairy
1013,Three Kings
1014,Child 44
1015,Rat Race
1016,K-PAX
1017,Kate & Leopold
1018,Bedazzled
1019,The Cotton Club
1020,3:10 to Yuma
1021,Taken 3
1022,Out of Sight
1023,The Cable Guy
1024,Earth
1025,Dick Tracy
1026,The Thomas Crown Affair
1027,Riding in Cars with Boys
1028,First Blood
1029,Solaris
1030,Happily N'Ever After
1031,Mary Reilly
1032,My Best Friend's Wedding
1033,America's Sweethearts
1034,Insomnia
1035,Star Trek: First Contact
1036,Jonah Hex
1037,Courage Under Fire
1038,Liar Liar
1039,The Infiltrator
1040,Inchon
1041,The Flintstones
1042,Taken 2
1043,Scary Movie 3
1044,Miss Congeniality
1045,Journey to the Center of the Earth
1046,The Princess Diaries 2: Royal Engagement
1047,The Pelican Brief
1048,The Client
1049,The Bucket List
1050,Patriot Games
1051,Monster-in-Law
1052,Prisoners
1053,Training Day
1054,Galaxy Quest
1055,Scary Movie 2
1056,The Muppets
1057,Blade
1058,Coach Carter
1059,Changing Lanes
1060,Anaconda
1061,Coyote Ugly
1062,Love Actually
1063,A Bug's Life
1064,From Hell
1065,The Specialist
1066,Tin Cup
1067,"Yours, Mine and Ours"
1068,Kicking & Screaming
1069,The Hitchhiker's Guide to the Galaxy
1070,Fat Albert
1071,Resident Evil: Extinction
1072,Blended
1073,Last Holiday
1074,The River Wild
1075,The Indian in the Cupboard
1076,Savages
1077,Cellular
1078,Johnny English
1079,The Ant Bully
1080,Dune
1081,Across the Universe
1082,Revolutionary Road
1083,16 Blocks
1084,Babylon A.D.
1085,The Glimmer Man
1086,Multiplicity
1087,Aliens in the Attic
1088,The Pledge
1089,The Producers
1090,The Phantom
1091,All the Pretty Horses
1092,Nixon
1093,The Ghost Writer
1094,Deep Rising
1095,Miracle at St. Anna
1096,Curse of the Golden Flower
1097,Bangkok Dangerous
1098,Big Trouble
1099,Love in the Time of Cholera
1100,Shadow Conspiracy
1101,Johnny English Reborn
1102,Foodfight!
1103,Argo
1104,The Fugitive
1105,The Bounty Hunter
1106,Sleepers
1107,Rambo: First Blood Part II
1108,The Juror
1109,Pinocchio
1110,Heaven's Gate
1111,Underworld: Evolution
1112,Victor Frankenstein
1113,Finding Forrester
1114,28 Days
1115,Unleashed
1116,The Sweetest Thing
1117,The Firm
1118,Charlie St. Cloud
1119,The Mechanic
1120,21 Jump Street
1121,Notting Hill
1122,Chicken Run
1123,Along Came Polly
1124,Boomerang
1125,The Heat
1126,Cleopatra
1127,Here Comes the Boom
1128,High Crimes
1129,The Mirror Has Two Faces
1130,The Mothman Prophecies
1131,Brüno
1132,Licence to Kill
1133,Red Riding Hood
1134,15 Minutes
1135,Super Mario Bros.
1136,Lord of War
1137,Hero
1138,One for the Money
1139,The Interview
1140,The Warrior's Way
1141,Micmacs
1142,8 Mile
1143,Why I Did (Not) Eat My Father
1144,A Knight's Tale
1145,The Medallion
1146,The Sixth Sense
1147,Man on a Ledge
1148,The Big Year
1149,The Karate Kid
1150,American Hustle
1151,The Proposal
1152,Double Jeopardy
1153,Back to the Future Part II
1154,Lucy
1155,Fifty Shades of Grey
1156,Spy Kids 3-D: Game Over
1157,A Time to Kill
1158,Cheaper by the Dozen
1159,Lone Survivor
1160,A League of Their Own
1161,The Conjuring 2
1162,The Social Network
1163,He's Just Not That Into You
1164,Scary Movie 4
1165,Scream 3
1166,Back to the Future Part III
1167,Get Hard
1168,Dracula
1169,Julie & Julia
1170,42
1171,The Talented Mr. Ripley
1172,Dumb and Dumber To
1173,Eight Below
1174,The Intern
1175,Ride Along 2
1176,The Last of the Mohicans
1177,Ray
1178,Sin City
1179,Vantage Point
1180,"I Love You, Man"
1181,Shallow Hal
1182,JFK
1183,Big Momma's House 2
1184,The Mexican
1185,17 Again
1186,The Other Woman
1187,The Final Destination
1188,Bridge of Spies
1189,Behind Enemy Lines
1190,Get Him to the Greek
1191,Shall We Dance?
1192,Small Soldiers
1193,Spawn
1194,The Count of Monte Cristo
1195,The Lincoln Lawyer
1196,Unknown
1197,The Prestige
1198,Horrible Bosses 2
1199,Escape from Planet Earth
1200,Apocalypto
1201,The Living Daylights
1202,Predators
1203,Legal Eagles
1204,Secret Window
1205,The Lake House
1206,The Skeleton Key
1207,The Odd Life of Timothy Green
1208,Made of Honor
1209,Jersey Boys
1210,The Rainmaker
1211,Gothika
1212,Amistad
1213,Medicine Man
1214,Aliens vs Predator: Requiem
1215,Ri¢hie Ri¢h
1216,Autumn in New York
1217,Music and Lyrics
1218,Paul
1219,The Guilt Trip
1220,Scream 4
1221,8MM
1222,The Doors
1223,Sex Tape
1224,Hanging Up
1225,Final Destination 5
1226,Mickey Blue Eyes
1227,Pay It Forward
1228,Fever Pitch
1229,Drillbit Taylor
1230,A Million Ways to Die in the West
1231,The Shadow
1232,Extremely Loud & Incredibly Close
1233,Morning Glory
1234,Get Rich or Die Tryin'
1235,The Art of War
1236,Rent
1237,Bless the Child
1238,The Out-of-Towners
1239,The Island of Dr. Moreau
1240,The Musketeer
1241,The Other Boleyn Girl
1242,Sweet November
1243,The Reaping
1244,Mean Streets
1245,Renaissance Man
1246,Colombiana
1247,Quest for Camelot
1248,City By The Sea
1249,At First Sight
1250,Torque
1251,City Hall
1252,Showgirls
1253,Marie Antoinette
1254,Kiss of Death
1255,Get Carter
1256,The Impossible
1257,Ishtar
1258,Fantastic Mr. Fox
1259,Life or Something Like It
1260,Memoirs of an Invisible Man
1261,Amélie
1262,New York Minute
1263,Alfie
1264,Big Miracle
1265,The Deep End of the Ocean
1266,FearDotCom
1267,Cirque du Freak: The Vampire's Assistant
1268,Duplex
1269,Soul Men
1270,Raise the Titanic
1271,Universal Soldier: The Return
1272,Pandorum
1273,Impostor
1274,Extreme Ops
1275,Just Visiting
1276,Sunshine
1277,A Thousand Words
1278,Delgo
1279,The Gunman
1280,Stormbreaker
1281,Disturbia
1282,Hackers
1283,The Hunting Party
1284,The Hudsucker Proxy
1285,The Warlords
1286,Nomad: The Warrior
1287,Snowpiercer
1288,A Monster in Paris
1289,The Last Shot
1290,The Crow
1291,Baahubali: The Beginning
1292,The Time Traveler's Wife
1293,Because I Said So
1294,Frankenweenie
1295,Serenity
1296,Against the Ropes
1297,Superman III
1298,Grudge Match
1299,Red Cliff
1300,Sweet Home Alabama
1301,The Ugly Truth
1302,Sgt. Bilko
1303,Spy Kids 2: The Island of Lost Dreams
1304,Star Trek: Generations
1305,The Grandmaster
1306,Water for Elephants
1307,Dragon Nest: Warriors' Dawn
1308,The Hurricane
1309,Enough
1310,Heartbreakers
1311,Paul Blart: Mall Cop 2
1312,Angel Eyes
1313,Joe Somebody
1314,The Ninth Gate
1315,Extreme Measures
1316,Rock Star
1317,Precious
1318,White Squall
1319,The Thing
1320,Riddick
1321,Switchback
1322,Texas Rangers
1323,City of Ember
1324,The Master
1325,Virgin Territory
1326,The Express
1327,The 5th Wave
1328,Creed
1329,The Town
1330,What to Expect When You're Expecting
1331,Burn After Reading
1332,Nim's Island
1333,Rush
1334,Magnolia
1335,Cop Out
1336,How to Be Single
1337,Dolphin Tale
1338,Twilight
1339,John Q
1340,Blue Streak
1341,We're the Millers
1342,The Inhabited Island
1343,Breakdown
1344,Never Say Never Again
1345,Hot Tub Time Machine
1346,Dolphin Tale 2
1347,Reindeer Games
1348,A Man Apart
1349,Aloha
1350,Ghosts of Mississippi
1351,Snow Falling on Cedars
1352,The Rite
1353,Gattaca
1354,Isn't She Great
1355,Space Chimps
1356,Head of State
1357,The Hangover
1358,Ip Man 3
1359,Austin Powers: The Spy Who Shagged Me
1360,Batman
1361,There Be Dragons
1362,Lethal Weapon 3
1363,The Blind Side
1364,Spy Kids
1365,Horrible Bosses
1366,True Grit
1367,The Devil Wears Prada
1368,Star Trek: The Motion Picture
1369,Identity Thief
1370,Cape Fear
1371,21
1372,Trainwreck
1373,Guess Who
1374,The English Patient
1375,L.A. Confidential
1376,Sky High
1377,In & Out
1378,Species
1379,A Nightmare on Elm Street
1380,The Cell
1381,The Man in the Iron Mask
1382,Secretariat
1383,TMNT
1384,Radio
1385,Friends with Benefits
1386,Neighbors 2: Sorority Rising
1387,Saving Mr. Banks
1388,Malcolm X
1389,This Is 40
1390,Old Dogs
1391,Underworld: Rise of the Lycans
1392,License to Wed
1393,The Benchwarmers
1394,Must Love Dogs
1395,Donnie Brasco
1396,Resident Evil
1397,Poltergeist
1398,The Ladykillers
1399,Max Payne
1400,In Time
1401,The Back-Up Plan
1402,Something Borrowed
1403,Black Knight
1404,The Bad News Bears
1405,Street Fighter
1406,The Pianist
1407,The Nativity Story
1408,House of Wax
1409,Closer
1410,J. Edgar
1411,Mirrors
1412,Queen of the Damned
1413,Predator 2
1414,Untraceable
1415,Blast from the Past
1416,Flash Gordon
1417,Jersey Girl
1418,Alex Cross
1419,Midnight in the Garden of Good and Evil
1420,Heist
1421,Nanny McPhee and the Big Bang
1422,Hoffa
1423,The X Files: I Want to Believe
1424,Ella Enchanted
1425,Concussion
1426,Abduction
1427,Valiant
1428,Wonder Boys
1429,Superhero Movie
1430,Broken City
1431,Cursed
1432,Premium Rush
1433,Hot Pursuit
1434,The Four Feathers
1435,Parker
1436,Wimbledon
1437,Furry Vengeance
1438,Bait
1439,Krull
1440,Lions for Lambs
1441,Flight of the Intruder
1442,Walk Hard: The Dewey Cox Story
1443,The Shipping News
1444,American Outlaws
1445,The Young Victoria
1446,Whiteout
1447,The Tree of Life
1448,Knock Off
1449,Sabotage
1450,The Order
1451,Punisher: War Zone
1452,Zoom
1453,The Walk
1454,Warriors of Virtue
1455,A Good Year
1456,Radio Flyer
1457,Bound by Honor
1458,Smilla's Sense of Snow
1459,Femme Fatale
1460,Lion of the Desert
1461,The Horseman on the Roof
1462,Ride with the Devil
1463,Biutiful
1464,Bandidas
1465,Black Water Transit
1466,The Maze Runner
1467,Unfinished Business
1468,The Age of Innocence
1469,The Fountain
1470,Chill Factor
1471,Stolen
1472,Ponyo
1473,The Longest Ride
1474,The Astronaut's Wife
1475,I Dreamed of Africa
1476,Playing for Keeps
1477,Mandela: Long Walk to Freedom
1478,Reds
1479,A Few Good Men
1480,Exit Wounds
1481,Big Momma's House
1482,Thunder and the House of Magic
1483,The Darkest Hour
1484,Step Up Revolution
1485,Snakes on a Plane
1486,The Watcher
1487,The Punisher
1488,Goal!: The Dream Begins
1489,Safe
1490,Pushing Tin
1491,Return of the Jedi
1492,Doomsday
1493,The Reader
1494,Wanderlust
1495,Elf
1496,Phenomenon
1497,Snow Dogs
1498,Scrooged
1499,Nacho Libre
1500,Bridesmaids
1501,This Is the End
1502,Stigmata
1503,Men of Honor
1504,Takers
1505,The Big Wedding
1506,"Big Mommas: Like Father, Like Son"
1507,Source Code
1508,Alive
1509,The Number 23
1510,The Young and Prodigious T.S. Spivet
1511,"1941"
1512,Dreamer: Inspired By a True Story
1513,A History of Violence
1514,Transporter 2
1515,The Quick and the Dead
1516,Laws of Attraction
1517,Bringing Out the Dead
1518,Repo Men
1519,Dragon Wars: D-War
1520,Bogus
1521,The Incredible Burt Wonderstone
1522,Cats Don't Dance
1523,Cradle Will Rock
1524,The Good German
1525,George and the Dragon
1526,Apocalypse Now
1527,Going the Distance
1528,Mr. Holland's Opus
1529,Criminal
1530,Out of Africa
1531,Flight
1532,Moonraker
1533,The Grand Budapest Hotel
1534,Hearts in Atlantis
1535,Arachnophobia
1536,Frequency
1537,Vacation
1538,Get Shorty
1539,Chicago
1540,Big Daddy
1541,American Pie 2
1542,Toy Story
1543,Speed
1544,The Vow
1545,Extraordinary Measures
1546,Remember the Titans
1547,The Hunt for Red October
1548,The Butler
1549,DodgeBall: A True Underdog Story
1550,The Addams Family
1551,Ace Ventura: When Nature Calls
1552,The Princess Diaries
1553,The First Wives Club
1554,Se7en
1555,District 9
1556,The SpongeBob SquarePants Movie
1557,Mystic River
1558,Million Dollar Baby
1559,Analyze This
1560,The Notebook
1561,27 Dresses
1562,Hannah Montana: The Movie
1563,Rugrats in Paris: The Movie
1564,The Prince of Tides
1565,Legends of the Fall
1566,Up in the Air
1567,About Schmidt
1568,Warm Bodies
1569,Looper
1570,Down to Earth
1571,Babe
1572,Hope Springs
1573,Forgetting Sarah Marshall
1574,Four Brothers
1575,Baby Mama
1576,Hope Floats
1577,Bride Wars
1578,Without a Paddle
1579,13 Going on 30
1580,Midnight in Paris
1581,The Nut Job
1582,Blow
1583,Message in a Bottle
1584,Star Trek V: The Final Frontier
1585,Like Mike
1586,The Naked Gun 33⅓: The Final Insult
1587,A View to a Kill
1588,The Curse of the Were-Rabbit
1589,P.S. I Love You
1590,Racing Stripes
1591,Atonement
1592,Letters to Juliet
1593,Black Rain
1594,The Three Stooges
1595,Corpse Bride
1596,Glory Road
1597,Sicario
1598,Southpaw
1599,Drag Me to Hell
1600,The Age of Adaline
1601,Secondhand Lions
1602,Step Up 3D
1603,Blue Crush
1604,Stranger Than Fiction
1605,30 Days of Night
1606,The Cabin in the Woods
1607,Meet the Spartans
1608,Midnight Run
1609,The Running Man
1610,Little Shop of Horrors
1611,Hanna
1612,Mortal Kombat: Annihilation
1613,Larry Crowne
1614,Carrie
1615,Take the Lead
1616,Gridiron Gang
1617,What's the Worst That Could Happen?
1618,9
1619,Side Effects
1620,The Prince & Me
1621,Winnie the Pooh
1622,Dumb and Dumberer: When Harry Met Lloyd
1623,Bulworth
1624,Get on Up
1625,One True Thing
1626,Virtuosity
1627,My Super Ex-Girlfriend
1628,Deliver Us from Evil
1629,Sanctum
1630,Little Black Book
1631,The Five-Year Engagement
1632,Mr. 3000
1633,The Next Three Days
1634,Ultraviolet
1635,Assault on Precinct 13
1636,The Replacement Killers
1637,Fled
1638,Eight Legged Freaks
1639,Love & Other Drugs
1640,88 Minutes
1641,North Country
1642,The Whole Ten Yards
1643,Splice
1644,Howard the Duck
1645,Pride and Glory
1646,The Cave
1647,Alex & Emma
1648,Wicker Park
1649,Fright Night
1650,The New World
1651,Wing Commander
1652,In Dreams
1653,Dragonball Evolution
1654,The Last Stand
1655,Godsend
1656,Chasing Liberty
1657,Hoodwinked Too! Hood VS. Evil
1658,An Unfinished Life
1659,The Imaginarium of Doctor Parnassus
1660,Barney's Version
1661,Runner Runner
1662,Antitrust
1663,Glory
1664,Once Upon a Time in America
1665,Dead Man Down
1666,The Merchant of Venice
1667,The Good Thief
1668,Supercross
1669,Miss Potter
1670,The Promise
1671,DOA: Dead or Alive
1672,The Assassination of Jesse James by the Coward Robert Ford
1673,"1911"
1674,Little Nicholas
1675,Wild Card
1676,Machine Gun Preacher
1677,Animals United
1678,Goodbye Bafana
1679,United Passions
1680,Grace of Monaco
1681,Savva. Heart of the Warrior
1682,Ripley's Game
1683,Sausage Party
1684,Pitch Perfect 2
1685,Walk the Line
1686,Keeping the Faith
1687,The Borrowers
1688,Frost/Nixon
1689,Confessions of a Dangerous Mind
1690,Serving Sara
1691,The Boss
1692,Cry Freedom
1693,Mumford
1694,Seed of Chucky
1695,The Jacket
1696,Aladdin
1697,Straight Outta Compton
1698,Indiana Jones and the Temple of Doom
1699,The Rugrats Movie
1700,Along Came a Spider
1701,Florence Foster Jenkins
1702,Once Upon a Time in Mexico
1703,Die Hard
1704,Role Models
1705,The Big Short
1706,Taking Woodstock
1707,Miracle
1708,Dawn of the Dead
1709,The Wedding Planner
1710,Space Pirate Captain Harlock
1711,The Royal Tenenbaums
1712,Identity
1713,Last Vegas
1714,For Your Eyes Only
1715,Serendipity
1716,Timecop
1717,Zoolander
1718,Safe Haven
1719,Hocus Pocus
1720,No Reservations
1721,Kick-Ass
1722,30 Minutes or Less
1723,Dracula 2000
1724,"Alexander and the Terrible, Horrible, No Good, Very Bad Day"
1725,Pride & Prejudice
1726,Blade Runner
1727,Rob Roy
1728,3 Days to Kill
1729,We Own the Night
1730,Lost Souls
1731,Winged Migration
1732,Just My Luck
1733,"Mystery, Alaska"
1734,The Spy Next Door
1735,A Simple Wish
1736,Ghosts of Mars
1737,Our Brand Is Crisis
1738,Pride and Prejudice and Zombies
1739,Kundun
1740,How to Lose Friends & Alienate People
1741,Kick-Ass 2
1742,Alatriste
1743,Brick Mansions
1744,Octopussy
1745,Knocked Up
1746,My Sister's Keeper
1747,Welcome Home Roscoe Jenkins
1748,A Passage to India
1749,Notes on a Scandal
1750,Rendition
1751,Star Trek VI: The Undiscovered Country
1752,Divine Secrets of the Ya-Ya Sisterhood
1753,Kiss the Girls
1754,The Blues Brothers
1755,The Sisterhood of the Traveling Pants 2
1756,Joyful Noise
1757,About a Boy
1758,Lake Placid
1759,Lucky Number Slevin
1760,The Right Stuff
1761,Anonymous
1762,The NeverEnding Story
1763,Dark City
1764,The Duchess
1765,Return to Oz
1766,The Newton Boys
1767,Case 39
1768,Suspect Zero
1769,Martian Child
1770,Spy Kids: All the Time in the World
1771,Money Monster
1772,The 51st State
1773,Flawless
1774,Mindhunters
1775,What Just Happened
1776,The Statement
1777,The Magic Flute
1778,Paul Blart: Mall Cop
1779,Freaky Friday
1780,The 40 Year Old Virgin
1781,Shakespeare in Love
1782,A Walk Among the Tombstones
1783,Kindergarten Cop
1784,Pineapple Express
1785,Ever After: A Cinderella Story
1786,Open Range
1787,Flatliners
1788,A Bridge Too Far
1789,Red Eye
1790,Final Destination 2
1791,"O Brother, Where Art Thou?"
1792,Legion
1793,Pain & Gain
1794,In Good Company
1795,Clockstoppers
1796,Silverado
1797,Brothers
1798,Agent Cody Banks 2: Destination London
1799,New Year's Eve
1800,Original Sin
1801,The Raven
1802,Welcome to Mooseport
1803,Highlander: The Final Dimension
1804,Blood and Wine
1805,Snow White: A Tale of Terror
1806,The Curse of the Jade Scorpion
1807,Accidental Love
1808,Flipper
1809,Self/less
1810,The Constant Gardener
1811,The Passion of the Christ
1812,Mrs. Doubtfire
1813,Rain Man
1814,Gran Torino
1815,W.
1816,Taken
1817,The Best of Me
1818,The Bodyguard
1819,Schindler's List
1820,The Help
1821,The Fifth Estate
1822,Scooby-Doo 2: Monsters Unleashed
1823,Forbidden Kingdom
1824,Freddy vs. Jason
1825,The Face of an Angel
1826,Jimmy Neutron: Boy Genius
1827,Cloverfield
1828,Teenage Mutant Ninja Turtles II: The Secret of the Ooze
1829,The Untouchables
1830,No Country for Old Men
1831,Ride Along
1832,Bridget Jones's Diary
1833,Chocolat
1834,"Legally Blonde 2: Red, White & Blonde"
1835,Parental Guidance
1836,No Strings Attached
1837,Tombstone
1838,Romeo Must Die
1839,The Omen
1840,Final Destination 3
1841,The Lucky One
1842,Bridge to Terabithia
1843,Finding Neverland
1844,A Madea Christmas
1845,The Grey
1846,Hide and Seek
1847,Anchorman: The Legend of Ron Burgundy
1848,GoodFellas
1849,Agent Cody Banks
1850,Nanny McPhee
1851,Scarface
1852,Nothing to Lose
1853,The Last Emperor
1854,Contraband
1855,Money Talks
1856,There Will Be Blood
1857,The Wild Thornberrys Movie
1858,Rugrats Go Wild
1859,Undercover Brother
1860,The Sisterhood of the Traveling Pants
1861,Kiss of the Dragon
1862,The House Bunny
1863,Beauty Shop
1864,Million Dollar Arm
1865,The Giver
1866,What a Girl Wants
1867,Jeepers Creepers 2
1868,Good Luck Chuck
1869,Cradle 2 the Grave
1870,The Hours
1871,She's the Man
1872,Mr. Bean's Holiday
1873,Anacondas: The Hunt for the Blood Orchid
1874,Blood Ties
1875,August Rush
1876,Elizabeth
1877,Bride of Chucky
1878,Tora! Tora! Tora!
1879,Spice World
1880,The Sitter
1881,Dance Flick
1882,The Shawshank Redemption
1883,Crocodile Dundee in Los Angeles
1884,Kingpin
1885,The Gambler
1886,August: Osage County
1887,Ice Princess
1888,A Lot Like Love
1889,Eddie the Eagle
1890,He Got Game
1891,Don Juan DeMarco
1892,Dear John
1893,The Losers
1894,Don't Be Afraid of the Dark
1895,War
1896,Punch-Drunk Love
1897,EuroTrip
1898,Half Past Dead
1899,Unaccompanied Minors
1900,"Bright Lights, Big City"
1901,The Adventures of Pinocchio
1902,The Greatest Game Ever Played
1903,The Box
1904,The Ruins
1905,The Next Best Thing
1906,My Soul to Take
1907,The Girl Next Door
1908,Maximum Risk
1909,Stealing Harvard
1910,Legend
1911,Hot Rod
1912,Shark Night
1913,Angela's Ashes
1914,Draft Day
1915,Lifeforce
1916,The Conspirator
1917,Lords of Dogtown
1918,The 33
1919,Big Trouble in Little China
1920,Fly Me to the Moon
1921,Warrior
1922,Michael Collins
1923,Gettysburg
1924,Stop-Loss
1925,Abandon
1926,Brokedown Palace
1927,The Possession
1928,Mrs. Winterbourne
1929,Straw Dogs
1930,The Hoax
1931,Stone Cold
1932,The Road
1933,Sheena
1934,Underclassman
1935,Say It Isn't So
1936,The World's Fastest Indian
1937,Tank Girl
1938,King's Ransom
1939,Blindness
1940,BloodRayne
1941,Carnage
1942,Where the Truth Lies
1943,Cirque du Soleil: Worlds Away
1944,Without Limits
1945,Me and Orson Welles
1946,The Best Offer
1947,The Bad Lieutenant: Port of Call - New Orleans
1948,A Turtle's Tale: Sammy's Adventures
1949,Little White Lies
1950,Love Ranch
1951,The True Story of Puss 'n Boots
1952,Space Dogs
1953,The Counselor
1954,Ironclad
1955,Waterloo
1956,Kung Fu Jungle
1957,Red Sky
1958,Dangerous Liaisons
1959,On the Road
1960,Star Trek IV: The Voyage Home
1961,Rocky Balboa
1962,Scream 2
1963,Jane Got a Gun
1964,Think Like a Man Too
1965,The Whole Nine Yards
1966,Footloose
1967,Old School
1968,The Fisher King
1969,I Still Know What You Did Last Summer
1970,Return to Me
1971,Zack and Miri Make a Porno
1972,Nurse Betty
1973,The Men Who Stare at Goats
1974,Double Take
1975,"Girl, Interrupted"
1976,Win a Date with Tad Hamilton!
1977,Muppets from Space
1978,The Wiz
1979,Ready to Rumble
1980,Play It to the Bone
1981,I Don't Know How She Does It
1982,Piranha 3D
1983,Beyond the Sea
1984,Meet the Deedles
1985,The Thief and the Cobbler
1986,The Bridge of San Luis Rey
1987,Faster
1988,Howl's Moving Castle
1989,Zombieland
1990,The Waterboy
1991,The Empire Strikes Back
1992,Bad Boys
1993,The Naked Gun 2½: The Smell of Fear
1994,Final Destination
1995,The Ides of March
1996,Pitch Black
1997,Someone Like You...
1998,Her
1999,Joy Ride
2000,The Adventurer: The Curse of the Midas Box














































































































































































































































































































































































































































































































































































































































































































































































































































































































































































































































































































































































































































































































































































































































































































































































































































































































































































































































































































































































































































































































































































































































































































































































































































































































































